{"HEB": 0.07391845196983057, "HarrisTeeter": 0.03122552685073391, "Wegmans": 0.07893045996659459, "Albertsons": 0.0454484053732238, "Publix": 0.0018738130029423356, "BJs": 0.062444555190255775, "FredMeyer": 0.04727769877666377, "Walmart": 0.01823222908454188, "KingSoopers": 0.03398809920099297, "Kroger": 0.04885128686154597, "Target": 0.051611382043534465, "Meijer": 0.03681797713963423, "Safeway": 0.031427853084760246, "SamsClub": 0.04478563011665986, "WinCoFoods": 0.06972444427242067, "CVSPharmacy": 0.04032922580395099, "ShopRite": 0.07470677952617617, "Frys": 0.03824014617679323, "Smiths": 0.03613801501584116, "JewelOsco": 0.04237383140243052, "WholeFoodsMarket": 0.06971860866353463, "HyVee": 0.06966797474055696, "Costco": 0.04969527222413968, "Walgreens": 0.04692768492632222, "StopShop": 0.00846542138552006}